[
[{"dow":"Wednesday"},{"time":"14:00"},{"conference-categories-count":{"Small":5,"Phone Booth":0,"Medium":3,"Large":3}}],
[{"dow":"Thursday"},{"time":"11:00"},{"conference-categories-count":{"Small":5,"Phone Booth":0,"Medium":2,"Large":0}}],
[{"dow":"Friday"},{"time":"09:00"},{"conference-categories-count":{"Small":3,"Phone Booth":0,"Medium":2,"Large":1}}],
[{"dow":"Friday"},{"time":"11:00"},{"conference-categories-count":{"Small":6,"Phone Booth":0,"Medium":1,"Large":3}}],
[{"dow":"Tuesday"},{"time":"09:00"},{"conference-categories-count":{"Small":4,"Phone Booth":0,"Medium":1,"Large":1}}],
[{"dow":"Friday"},{"time":"15:00"},{"conference-categories-count":{"Small":7,"Phone Booth":0,"Medium":0,"Large":2}}],
[{"dow":"Monday"},{"time":"12:00"},{"conference-categories-count":{"Small":6,"Phone Booth":0,"Medium":5,"Large":3}}],
[{"dow":"Monday"},{"time":"14:00"},{"conference-categories-count":{"Small":8,"Phone Booth":0,"Medium":5,"Large":3}}],
[{"dow":"Thursday"},{"time":"09:00"},{"conference-categories-count":{"Small":6,"Phone Booth":0,"Medium":1,"Large":1}}],
[{"dow":"Monday"},{"time":"10:00"},{"conference-categories-count":{"Small":6,"Phone Booth":0,"Medium":5,"Large":4}}],
[{"dow":"Monday"},{"time":"16:00"},{"conference-categories-count":{"Small":5,"Phone Booth":0,"Medium":6,"Large":3}}],
[{"dow":"Monday"},{"time":"15:00"},{"conference-categories-count":{"Small":8,"Phone Booth":0,"Medium":7,"Large":3}}],
[{"dow":"Tuesday"},{"time":"13:00"},{"conference-categories-count":{"Small":4,"Phone Booth":0,"Medium":1,"Large":3}}],
[{"dow":"Tuesday"},{"time":"15:00"},{"conference-categories-count":{"Small":3,"Phone Booth":0,"Medium":3,"Large":2}}],
[{"dow":"Wednesday"},{"time":"11:00"},{"conference-categories-count":{"Small":5,"Phone Booth":0,"Medium":3,"Large":3}}],
[{"dow":"Thursday"},{"time":"14:00"},{"conference-categories-count":{"Small":4,"Phone Booth":0,"Medium":2,"Large":1}}],
[{"dow":"Thursday"},{"time":"16:00"},{"conference-categories-count":{"Small":6,"Phone Booth":0,"Medium":2,"Large":3}}],
[{"dow":"Tuesday"},{"time":"11:00"},{"conference-categories-count":{"Small":5,"Phone Booth":0,"Medium":2,"Large":2}}],
[{"dow":"Friday"},{"time":"12:00"},{"conference-categories-count":{"Small":3,"Phone Booth":0,"Medium":2,"Large":3}}],
[{"dow":"Monday"},{"time":"09:00"},{"conference-categories-count":{"Small":9,"Phone Booth":0,"Medium":5,"Large":4}}],
[{"dow":"Wednesday"},{"time":"13:00"},{"conference-categories-count":{"Small":4,"Phone Booth":0,"Medium":5,"Large":3}}],
[{"dow":"Wednesday"},{"time":"15:00"},{"conference-categories-count":{"Small":5,"Phone Booth":0,"Medium":2,"Large":0}}],
[{"dow":"Thursday"},{"time":"10:00"},{"conference-categories-count":{"Small":5,"Phone Booth":0,"Medium":3,"Large":0}}],
[{"dow":"Thursday"},{"time":"12:00"},{"conference-categories-count":{"Small":4,"Phone Booth":0,"Medium":2,"Large":2}}],
[{"dow":"Friday"},{"time":"10:00"},{"conference-categories-count":{"Small":7,"Phone Booth":0,"Medium":1,"Large":4}}],
[{"dow":"Friday"},{"time":"16:00"},{"conference-categories-count":{"Small":1,"Phone Booth":0,"Medium":1,"Large":1}}],
[{"dow":"Monday"},{"time":"13:00"},{"conference-categories-count":{"Small":6,"Phone Booth":0,"Medium":5,"Large":4}}],
[{"dow":"Friday"},{"time":"14:00"},{"conference-categories-count":{"Small":6,"Phone Booth":0,"Medium":3,"Large":2}}],
[{"dow":"Monday"},{"time":"11:00"},{"conference-categories-count":{"Small":5,"Phone Booth":0,"Medium":6,"Large":4}}],
[{"dow":"Wednesday"},{"time":"09:00"},{"conference-categories-count":{"Small":4,"Phone Booth":0,"Medium":2,"Large":2}}],
[{"dow":"Tuesday"},{"time":"16:00"},{"conference-categories-count":{"Small":5,"Phone Booth":0,"Medium":4,"Large":2}}],
[{"dow":"Tuesday"},{"time":"14:00"},{"conference-categories-count":{"Small":3,"Phone Booth":0,"Medium":5,"Large":2}}],
[{"dow":"Tuesday"},{"time":"12:00"},{"conference-categories-count":{"Small":4,"Phone Booth":0,"Medium":2,"Large":4}}],
[{"dow":"Wednesday"},{"time":"10:00"},{"conference-categories-count":{"Small":5,"Phone Booth":0,"Medium":3,"Large":3}}],
[{"dow":"Thursday"},{"time":"15:00"},{"conference-categories-count":{"Small":6,"Phone Booth":0,"Medium":1,"Large":4}}],
[{"dow":"Wednesday"},{"time":"12:00"},{"conference-categories-count":{"Small":3,"Phone Booth":0,"Medium":4,"Large":3}}],
[{"dow":"Tuesday"},{"time":"10:00"},{"conference-categories-count":{"Small":4,"Phone Booth":0,"Medium":3,"Large":1}}],
[{"dow":"Wednesday"},{"time":"16:00"},{"conference-categories-count":{"Small":5,"Phone Booth":0,"Medium":1,"Large":1}}],
[{"dow":"Friday"},{"time":"13:00"},{"conference-categories-count":{"Small":6,"Phone Booth":0,"Medium":1,"Large":3}}],
[{"dow":"Thursday"},{"time":"13:00"},{"conference-categories-count":{"Small":4,"Phone Booth":0,"Medium":4,"Large":1}}]
]